1,71,2023-05-01 00:00:00.000000 +00:00,true
2,71,2023-05-01 00:00:01.000000 +00:00,true
3,71,2023-05-01 00:00:02.000000 +00:00,true
4,71,2023-05-01 00:00:03.000000 +00:00,true
5,71,2023-05-01 00:00:04.000000 +00:00,true
6,71,2023-05-01 00:00:05.000000 +00:00,true
7,71,2023-05-01 00:00:06.000000 +00:00,true
8,71,2023-05-01 00:00:07.000000 +00:00,true
9,71,2023-05-01 00:00:08.000000 +00:00,true
10,71,2023-05-01 00:00:09.000000 +00:00,true
11,71,2023-05-01 00:00:10.000000 +00:00,true
12,71,2023-05-01 00:00:11.000000 +00:00,true
13,71,2023-05-01 00:00:12.000000 +00:00,true
14,71,2023-05-01 00:00:13.000000 +00:00,true
15,71,2023-05-01 00:00:14.000000 +00:00,true
16,71,2023-05-01 00:00:15.000000 +00:00,true
17,71,2023-05-01 00:00:16.000000 +00:00,true
18,71,2023-05-01 00:00:17.000000 +00:00,true
19,71,2023-05-01 00:00:18.000000 +00:00,true
20,71,2023-05-01 00:00:19.000000 +00:00,true
21,71,2023-05-01 00:00:20.000000 +00:00,true
22,71,2023-05-01 00:00:21.000000 +00:00,true
23,71,2023-05-01 00:00:22.000000 +00:00,true
24,71,2023-05-01 00:00:23.000000 +00:00,true
25,71,2023-05-01 00:00:24.000000 +00:00,true
26,71,2023-05-01 00:00:25.000000 +00:00,true
27,71,2023-05-01 00:00:26.000000 +00:00,true
28,71,2023-05-01 00:00:27.000000 +00:00,true
29,71,2023-05-01 00:00:28.000000 +00:00,true
30,71,2023-05-01 00:00:29.000000 +00:00,true
31,71,2023-05-01 00:00:30.000000 +00:00,true
32,71,2023-05-01 00:00:31.000000 +00:00,true
33,71,2023-05-01 00:00:32.000000 +00:00,true
34,71,2023-05-01 00:00:33.000000 +00:00,true
35,71,2023-05-01 00:00:34.000000 +00:00,true
36,71,2023-05-01 00:00:35.000000 +00:00,true
37,71,2023-05-01 00:00:36.000000 +00:00,true
38,71,2023-05-01 00:00:37.000000 +00:00,true
39,71,2023-05-01 00:00:38.000000 +00:00,false
40,71,2023-05-01 00:00:39.000000 +00:00,false
41,71,2023-05-01 00:00:40.000000 +00:00,false
42,71,2023-05-01 00:00:41.000000 +00:00,false
43,71,2023-05-01 00:00:42.000000 +00:00,false
44,71,2023-05-01 00:00:43.000000 +00:00,false
45,71,2023-05-01 00:00:44.000000 +00:00,false
46,71,2023-05-01 00:00:45.000000 +00:00,false
47,71,2023-05-01 00:00:46.000000 +00:00,false
48,71,2023-05-01 00:00:47.000000 +00:00,false
49,71,2023-05-01 00:00:48.000000 +00:00,false
50,71,2023-05-01 00:00:49.000000 +00:00,false
51,72,2023-05-01 00:01:00.000000 +00:00,true
52,72,2023-05-01 00:01:01.000000 +00:00,true
53,72,2023-05-01 00:01:02.000000 +00:00,true
54,72,2023-05-01 00:01:03.000000 +00:00,true
55,72,2023-05-01 00:01:04.000000 +00:00,true
56,72,2023-05-01 00:01:05.000000 +00:00,true
57,72,2023-05-01 00:01:06.000000 +00:00,true
58,72,2023-05-01 00:01:07.000000 +00:00,true
59,72,2023-05-01 00:01:08.000000 +00:00,true
60,72,2023-05-01 00:01:09.000000 +00:00,true
61,72,2023-05-01 00:01:10.000000 +00:00,true
62,72,2023-05-01 00:01:11.000000 +00:00,true
63,72,2023-05-01 00:01:12.000000 +00:00,true
64,72,2023-05-01 00:01:13.000000 +00:00,true
65,72,2023-05-01 00:01:14.000000 +00:00,true
66,72,2023-05-01 00:01:15.000000 +00:00,true
67,72,2023-05-01 00:01:16.000000 +00:00,true
68,72,2023-05-01 00:01:17.000000 +00:00,true
69,72,2023-05-01 00:01:18.000000 +00:00,true
70,72,2023-05-01 00:01:19.000000 +00:00,true
71,72,2023-05-01 00:01:20.000000 +00:00,true
72,72,2023-05-01 00:01:21.000000 +00:00,true
73,72,2023-05-01 00:01:22.000000 +00:00,true
74,72,2023-05-01 00:01:23.000000 +00:00,true
75,72,2023-05-01 00:01:24.000000 +00:00,true
76,72,2023-05-01 00:01:25.000000 +00:00,true
77,72,2023-05-01 00:01:26.000000 +00:00,true
78,72,2023-05-01 00:01:27.000000 +00:00,true
79,72,2023-05-01 00:01:28.000000 +00:00,true
80,72,2023-05-01 00:01:29.000000 +00:00,true
81,72,2023-05-01 00:01:30.000000 +00:00,true
82,72,2023-05-01 00:01:31.000000 +00:00,true
83,72,2023-05-01 00:01:32.000000 +00:00,true
84,72,2023-05-01 00:01:33.000000 +00:00,true
85,72,2023-05-01 00:01:34.000000 +00:00,true
86,72,2023-05-01 00:01:35.000000 +00:00,false
87,72,2023-05-01 00:01:36.000000 +00:00,false
88,72,2023-05-01 00:01:37.000000 +00:00,false
89,72,2023-05-01 00:01:38.000000 +00:00,false
90,72,2023-05-01 00:01:39.000000 +00:00,false
91,72,2023-05-01 00:01:40.000000 +00:00,false
92,72,2023-05-01 00:01:41.000000 +00:00,false
93,72,2023-05-01 00:01:42.000000 +00:00,false
94,72,2023-05-01 00:01:43.000000 +00:00,false
95,72,2023-05-01 00:01:44.000000 +00:00,false
96,72,2023-05-01 00:01:45.000000 +00:00,false
97,72,2023-05-01 00:01:46.000000 +00:00,false
98,72,2023-05-01 00:01:47.000000 +00:00,false
99,72,2023-05-01 00:01:48.000000 +00:00,false
100,72,2023-05-01 00:01:49.000000 +00:00,false
101,73,2023-05-01 00:02:00.000000 +00:00,true
102,73,2023-05-01 00:02:01.000000 +00:00,true
103,73,2023-05-01 00:02:02.000000 +00:00,true
104,73,2023-05-01 00:02:03.000000 +00:00,true
105,73,2023-05-01 00:02:04.000000 +00:00,true
106,73,2023-05-01 00:02:05.000000 +00:00,true
107,73,2023-05-01 00:02:06.000000 +00:00,true
108,73,2023-05-01 00:02:07.000000 +00:00,true
109,73,2023-05-01 00:02:08.000000 +00:00,true
110,73,2023-05-01 00:02:09.000000 +00:00,true
111,73,2023-05-01 00:02:10.000000 +00:00,true
112,73,2023-05-01 00:02:11.000000 +00:00,true
113,73,2023-05-01 00:02:12.000000 +00:00,true
114,73,2023-05-01 00:02:13.000000 +00:00,true
115,73,2023-05-01 00:02:14.000000 +00:00,true
116,73,2023-05-01 00:02:15.000000 +00:00,true
117,73,2023-05-01 00:02:16.000000 +00:00,true
118,73,2023-05-01 00:02:17.000000 +00:00,true
119,73,2023-05-01 00:02:18.000000 +00:00,true
120,73,2023-05-01 00:02:19.000000 +00:00,true
121,73,2023-05-01 00:02:20.000000 +00:00,true
122,73,2023-05-01 00:02:21.000000 +00:00,true
123,73,2023-05-01 00:02:22.000000 +00:00,true
124,73,2023-05-01 00:02:23.000000 +00:00,true
125,73,2023-05-01 00:02:24.000000 +00:00,true
126,73,2023-05-01 00:02:25.000000 +00:00,true
127,73,2023-05-01 00:02:26.000000 +00:00,true
128,73,2023-05-01 00:02:27.000000 +00:00,true
129,73,2023-05-01 00:02:28.000000 +00:00,true
130,73,2023-05-01 00:02:29.000000 +00:00,true
131,73,2023-05-01 00:02:30.000000 +00:00,true
132,73,2023-05-01 00:02:31.000000 +00:00,true
133,73,2023-05-01 00:02:32.000000 +00:00,true
134,73,2023-05-01 00:02:33.000000 +00:00,true
135,73,2023-05-01 00:02:34.000000 +00:00,true
136,73,2023-05-01 00:02:35.000000 +00:00,true
137,73,2023-05-01 00:02:36.000000 +00:00,true
138,73,2023-05-01 00:02:37.000000 +00:00,true
139,73,2023-05-01 00:02:38.000000 +00:00,true
140,73,2023-05-01 00:02:39.000000 +00:00,true
141,73,2023-05-01 00:02:40.000000 +00:00,true
142,73,2023-05-01 00:02:41.000000 +00:00,true
143,73,2023-05-01 00:02:42.000000 +00:00,false
144,73,2023-05-01 00:02:43.000000 +00:00,false
145,73,2023-05-01 00:02:44.000000 +00:00,false
146,73,2023-05-01 00:02:45.000000 +00:00,false
147,73,2023-05-01 00:02:46.000000 +00:00,false
148,73,2023-05-01 00:02:47.000000 +00:00,false
149,73,2023-05-01 00:02:48.000000 +00:00,false
150,73,2023-05-01 00:02:49.000000 +00:00,false
151,74,2023-05-01 00:03:00.000000 +00:00,true
152,74,2023-05-01 00:03:01.000000 +00:00,true
153,74,2023-05-01 00:03:02.000000 +00:00,true
154,74,2023-05-01 00:03:03.000000 +00:00,true
155,74,2023-05-01 00:03:04.000000 +00:00,true
156,74,2023-05-01 00:03:05.000000 +00:00,true
157,74,2023-05-01 00:03:06.000000 +00:00,true
158,74,2023-05-01 00:03:07.000000 +00:00,true
159,74,2023-05-01 00:03:08.000000 +00:00,true
160,74,2023-05-01 00:03:09.000000 +00:00,true
161,74,2023-05-01 00:03:10.000000 +00:00,true
162,74,2023-05-01 00:03:11.000000 +00:00,true
163,74,2023-05-01 00:03:12.000000 +00:00,true
164,74,2023-05-01 00:03:13.000000 +00:00,true
165,74,2023-05-01 00:03:14.000000 +00:00,true
166,74,2023-05-01 00:03:15.000000 +00:00,true
167,74,2023-05-01 00:03:16.000000 +00:00,true
168,74,2023-05-01 00:03:17.000000 +00:00,true
169,74,2023-05-01 00:03:18.000000 +00:00,true
170,74,2023-05-01 00:03:19.000000 +00:00,true
171,74,2023-05-01 00:03:20.000000 +00:00,true
172,74,2023-05-01 00:03:21.000000 +00:00,true
173,74,2023-05-01 00:03:22.000000 +00:00,true
174,74,2023-05-01 00:03:23.000000 +00:00,true
175,74,2023-05-01 00:03:24.000000 +00:00,true
176,74,2023-05-01 00:03:25.000000 +00:00,true
177,74,2023-05-01 00:03:26.000000 +00:00,true
178,74,2023-05-01 00:03:27.000000 +00:00,true
179,74,2023-05-01 00:03:28.000000 +00:00,true
180,74,2023-05-01 00:03:29.000000 +00:00,true
181,74,2023-05-01 00:03:30.000000 +00:00,true
182,74,2023-05-01 00:03:31.000000 +00:00,true
183,74,2023-05-01 00:03:32.000000 +00:00,true
184,74,2023-05-01 00:03:33.000000 +00:00,true
185,74,2023-05-01 00:03:34.000000 +00:00,true
186,74,2023-05-01 00:03:35.000000 +00:00,true
187,74,2023-05-01 00:03:36.000000 +00:00,true
188,74,2023-05-01 00:03:37.000000 +00:00,true
189,74,2023-05-01 00:03:38.000000 +00:00,true
190,74,2023-05-01 00:03:39.000000 +00:00,true
191,74,2023-05-01 00:03:40.000000 +00:00,false
192,74,2023-05-01 00:03:41.000000 +00:00,false
193,74,2023-05-01 00:03:42.000000 +00:00,false
194,74,2023-05-01 00:03:43.000000 +00:00,false
195,74,2023-05-01 00:03:44.000000 +00:00,false
196,74,2023-05-01 00:03:45.000000 +00:00,false
197,74,2023-05-01 00:03:46.000000 +00:00,false
198,74,2023-05-01 00:03:47.000000 +00:00,false
199,74,2023-05-01 00:03:48.000000 +00:00,false
200,74,2023-05-01 00:03:49.000000 +00:00,false
201,75,2023-05-01 00:04:00.000000 +00:00,true
202,75,2023-05-01 00:04:01.000000 +00:00,true
203,75,2023-05-01 00:04:02.000000 +00:00,true
204,75,2023-05-01 00:04:03.000000 +00:00,true
205,75,2023-05-01 00:04:04.000000 +00:00,true
206,75,2023-05-01 00:04:05.000000 +00:00,true
207,75,2023-05-01 00:04:06.000000 +00:00,true
208,75,2023-05-01 00:04:07.000000 +00:00,true
209,75,2023-05-01 00:04:08.000000 +00:00,true
210,75,2023-05-01 00:04:09.000000 +00:00,true
211,75,2023-05-01 00:04:10.000000 +00:00,true
212,75,2023-05-01 00:04:11.000000 +00:00,true
213,75,2023-05-01 00:04:12.000000 +00:00,true
214,75,2023-05-01 00:04:13.000000 +00:00,true
215,75,2023-05-01 00:04:14.000000 +00:00,true
216,75,2023-05-01 00:04:15.000000 +00:00,true
217,75,2023-05-01 00:04:16.000000 +00:00,true
218,75,2023-05-01 00:04:17.000000 +00:00,true
219,75,2023-05-01 00:04:18.000000 +00:00,true
220,75,2023-05-01 00:04:19.000000 +00:00,true
221,75,2023-05-01 00:04:20.000000 +00:00,true
222,75,2023-05-01 00:04:21.000000 +00:00,true
223,75,2023-05-01 00:04:22.000000 +00:00,true
224,75,2023-05-01 00:04:23.000000 +00:00,true
225,75,2023-05-01 00:04:24.000000 +00:00,true
226,75,2023-05-01 00:04:25.000000 +00:00,true
227,75,2023-05-01 00:04:26.000000 +00:00,true
228,75,2023-05-01 00:04:27.000000 +00:00,true
229,75,2023-05-01 00:04:28.000000 +00:00,true
230,75,2023-05-01 00:04:29.000000 +00:00,true
231,75,2023-05-01 00:04:30.000000 +00:00,true
232,75,2023-05-01 00:04:31.000000 +00:00,true
233,75,2023-05-01 00:04:32.000000 +00:00,true
234,75,2023-05-01 00:04:33.000000 +00:00,true
235,75,2023-05-01 00:04:34.000000 +00:00,true
236,75,2023-05-01 00:04:35.000000 +00:00,true
237,75,2023-05-01 00:04:36.000000 +00:00,true
238,75,2023-05-01 00:04:37.000000 +00:00,true
239,75,2023-05-01 00:04:38.000000 +00:00,true
240,75,2023-05-01 00:04:39.000000 +00:00,true
241,75,2023-05-01 00:04:40.000000 +00:00,true
242,75,2023-05-01 00:04:41.000000 +00:00,true
243,75,2023-05-01 00:04:42.000000 +00:00,true
244,75,2023-05-01 00:04:43.000000 +00:00,true
245,75,2023-05-01 00:04:44.000000 +00:00,true
246,75,2023-05-01 00:04:45.000000 +00:00,true
247,75,2023-05-01 00:04:46.000000 +00:00,false
248,75,2023-05-01 00:04:47.000000 +00:00,false
249,75,2023-05-01 00:04:48.000000 +00:00,false
250,75,2023-05-01 00:04:49.000000 +00:00,false
251,76,2023-05-01 00:05:00.000000 +00:00,true
252,76,2023-05-01 00:05:01.000000 +00:00,true
253,76,2023-05-01 00:05:02.000000 +00:00,true
254,76,2023-05-01 00:05:03.000000 +00:00,true
255,76,2023-05-01 00:05:04.000000 +00:00,true
256,76,2023-05-01 00:05:05.000000 +00:00,true
257,76,2023-05-01 00:05:06.000000 +00:00,true
258,76,2023-05-01 00:05:07.000000 +00:00,true
259,76,2023-05-01 00:05:08.000000 +00:00,true
260,76,2023-05-01 00:05:09.000000 +00:00,true
261,76,2023-05-01 00:05:10.000000 +00:00,true
262,76,2023-05-01 00:05:11.000000 +00:00,true
263,76,2023-05-01 00:05:12.000000 +00:00,true
264,76,2023-05-01 00:05:13.000000 +00:00,true
265,76,2023-05-01 00:05:14.000000 +00:00,true
266,76,2023-05-01 00:05:15.000000 +00:00,true
267,76,2023-05-01 00:05:16.000000 +00:00,true
268,76,2023-05-01 00:05:17.000000 +00:00,true
269,76,2023-05-01 00:05:18.000000 +00:00,true
270,76,2023-05-01 00:05:19.000000 +00:00,true
271,76,2023-05-01 00:05:20.000000 +00:00,true
272,76,2023-05-01 00:05:21.000000 +00:00,true
273,76,2023-05-01 00:05:22.000000 +00:00,true
274,76,2023-05-01 00:05:23.000000 +00:00,true
275,76,2023-05-01 00:05:24.000000 +00:00,true
276,76,2023-05-01 00:05:25.000000 +00:00,true
277,76,2023-05-01 00:05:26.000000 +00:00,true
278,76,2023-05-01 00:05:27.000000 +00:00,true
279,76,2023-05-01 00:05:28.000000 +00:00,true
280,76,2023-05-01 00:05:29.000000 +00:00,true
281,76,2023-05-01 00:05:30.000000 +00:00,true
282,76,2023-05-01 00:05:31.000000 +00:00,true
283,76,2023-05-01 00:05:32.000000 +00:00,true
284,76,2023-05-01 00:05:33.000000 +00:00,true
285,76,2023-05-01 00:05:34.000000 +00:00,true
286,76,2023-05-01 00:05:35.000000 +00:00,true
287,76,2023-05-01 00:05:36.000000 +00:00,true
288,76,2023-05-01 00:05:37.000000 +00:00,true
289,76,2023-05-01 00:05:38.000000 +00:00,true
290,76,2023-05-01 00:05:39.000000 +00:00,true
291,76,2023-05-01 00:05:40.000000 +00:00,true
292,76,2023-05-01 00:05:41.000000 +00:00,true
293,76,2023-05-01 00:05:42.000000 +00:00,true
294,76,2023-05-01 00:05:43.000000 +00:00,false
295,76,2023-05-01 00:05:44.000000 +00:00,false
296,76,2023-05-01 00:05:45.000000 +00:00,false
297,76,2023-05-01 00:05:46.000000 +00:00,false
298,76,2023-05-01 00:05:47.000000 +00:00,false
299,76,2023-05-01 00:05:48.000000 +00:00,false
300,76,2023-05-01 00:05:49.000000 +00:00,false
301,77,2023-05-01 00:06:00.000000 +00:00,true
302,77,2023-05-01 00:06:01.000000 +00:00,true
303,77,2023-05-01 00:06:02.000000 +00:00,true
304,77,2023-05-01 00:06:03.000000 +00:00,true
305,77,2023-05-01 00:06:04.000000 +00:00,true
306,77,2023-05-01 00:06:05.000000 +00:00,true
307,77,2023-05-01 00:06:06.000000 +00:00,true
308,77,2023-05-01 00:06:07.000000 +00:00,true
309,77,2023-05-01 00:06:08.000000 +00:00,true
310,77,2023-05-01 00:06:09.000000 +00:00,true
311,77,2023-05-01 00:06:10.000000 +00:00,true
312,77,2023-05-01 00:06:11.000000 +00:00,true
313,77,2023-05-01 00:06:12.000000 +00:00,true
314,77,2023-05-01 00:06:13.000000 +00:00,true
315,77,2023-05-01 00:06:14.000000 +00:00,true
316,77,2023-05-01 00:06:15.000000 +00:00,true
317,77,2023-05-01 00:06:16.000000 +00:00,true
318,77,2023-05-01 00:06:17.000000 +00:00,true
319,77,2023-05-01 00:06:18.000000 +00:00,true
320,77,2023-05-01 00:06:19.000000 +00:00,true
321,77,2023-05-01 00:06:20.000000 +00:00,true
322,77,2023-05-01 00:06:21.000000 +00:00,true
323,77,2023-05-01 00:06:22.000000 +00:00,true
324,77,2023-05-01 00:06:23.000000 +00:00,true
325,77,2023-05-01 00:06:24.000000 +00:00,true
326,77,2023-05-01 00:06:25.000000 +00:00,true
327,77,2023-05-01 00:06:26.000000 +00:00,true
328,77,2023-05-01 00:06:27.000000 +00:00,true
329,77,2023-05-01 00:06:28.000000 +00:00,true
330,77,2023-05-01 00:06:29.000000 +00:00,true
331,77,2023-05-01 00:06:30.000000 +00:00,true
332,77,2023-05-01 00:06:31.000000 +00:00,true
333,77,2023-05-01 00:06:32.000000 +00:00,true
334,77,2023-05-01 00:06:33.000000 +00:00,true
335,77,2023-05-01 00:06:34.000000 +00:00,false
336,77,2023-05-01 00:06:35.000000 +00:00,false
337,77,2023-05-01 00:06:36.000000 +00:00,false
338,77,2023-05-01 00:06:37.000000 +00:00,false
339,77,2023-05-01 00:06:38.000000 +00:00,false
340,77,2023-05-01 00:06:39.000000 +00:00,false
341,77,2023-05-01 00:06:40.000000 +00:00,false
342,77,2023-05-01 00:06:41.000000 +00:00,false
343,77,2023-05-01 00:06:42.000000 +00:00,false
344,77,2023-05-01 00:06:43.000000 +00:00,false
345,77,2023-05-01 00:06:44.000000 +00:00,false
346,77,2023-05-01 00:06:45.000000 +00:00,false
347,77,2023-05-01 00:06:46.000000 +00:00,false
348,77,2023-05-01 00:06:47.000000 +00:00,false
349,77,2023-05-01 00:06:48.000000 +00:00,false
350,77,2023-05-01 00:06:49.000000 +00:00,false
351,78,2023-05-01 00:07:00.000000 +00:00,true
352,78,2023-05-01 00:07:01.000000 +00:00,true
353,78,2023-05-01 00:07:02.000000 +00:00,true
354,78,2023-05-01 00:07:03.000000 +00:00,true
355,78,2023-05-01 00:07:04.000000 +00:00,true
356,78,2023-05-01 00:07:05.000000 +00:00,true
357,78,2023-05-01 00:07:06.000000 +00:00,true
358,78,2023-05-01 00:07:07.000000 +00:00,true
359,78,2023-05-01 00:07:08.000000 +00:00,true
360,78,2023-05-01 00:07:09.000000 +00:00,true
361,78,2023-05-01 00:07:10.000000 +00:00,true
362,78,2023-05-01 00:07:11.000000 +00:00,true
363,78,2023-05-01 00:07:12.000000 +00:00,true
364,78,2023-05-01 00:07:13.000000 +00:00,true
365,78,2023-05-01 00:07:14.000000 +00:00,true
366,78,2023-05-01 00:07:15.000000 +00:00,true
367,78,2023-05-01 00:07:16.000000 +00:00,true
368,78,2023-05-01 00:07:17.000000 +00:00,true
369,78,2023-05-01 00:07:18.000000 +00:00,true
370,78,2023-05-01 00:07:19.000000 +00:00,true
371,78,2023-05-01 00:07:20.000000 +00:00,true
372,78,2023-05-01 00:07:21.000000 +00:00,true
373,78,2023-05-01 00:07:22.000000 +00:00,true
374,78,2023-05-01 00:07:23.000000 +00:00,true
375,78,2023-05-01 00:07:24.000000 +00:00,true
376,78,2023-05-01 00:07:25.000000 +00:00,true
377,78,2023-05-01 00:07:26.000000 +00:00,true
378,78,2023-05-01 00:07:27.000000 +00:00,true
379,78,2023-05-01 00:07:28.000000 +00:00,true
380,78,2023-05-01 00:07:29.000000 +00:00,true
381,78,2023-05-01 00:07:30.000000 +00:00,true
382,78,2023-05-01 00:07:31.000000 +00:00,true
383,78,2023-05-01 00:07:32.000000 +00:00,true
384,78,2023-05-01 00:07:33.000000 +00:00,true
385,78,2023-05-01 00:07:34.000000 +00:00,true
386,78,2023-05-01 00:07:35.000000 +00:00,true
387,78,2023-05-01 00:07:36.000000 +00:00,true
388,78,2023-05-01 00:07:37.000000 +00:00,true
389,78,2023-05-01 00:07:38.000000 +00:00,true
390,78,2023-05-01 00:07:39.000000 +00:00,true
391,78,2023-05-01 00:07:40.000000 +00:00,true
392,78,2023-05-01 00:07:41.000000 +00:00,false
393,78,2023-05-01 00:07:42.000000 +00:00,false
394,78,2023-05-01 00:07:43.000000 +00:00,false
395,78,2023-05-01 00:07:44.000000 +00:00,false
396,78,2023-05-01 00:07:45.000000 +00:00,false
397,78,2023-05-01 00:07:46.000000 +00:00,false
398,78,2023-05-01 00:07:47.000000 +00:00,false
399,78,2023-05-01 00:07:48.000000 +00:00,false
400,78,2023-05-01 00:07:49.000000 +00:00,false
401,79,2023-05-01 00:08:00.000000 +00:00,true
402,79,2023-05-01 00:08:01.000000 +00:00,true
403,79,2023-05-01 00:08:02.000000 +00:00,true
404,79,2023-05-01 00:08:03.000000 +00:00,true
405,79,2023-05-01 00:08:04.000000 +00:00,true
406,79,2023-05-01 00:08:05.000000 +00:00,true
407,79,2023-05-01 00:08:06.000000 +00:00,true
408,79,2023-05-01 00:08:07.000000 +00:00,true
409,79,2023-05-01 00:08:08.000000 +00:00,true
410,79,2023-05-01 00:08:09.000000 +00:00,true
411,79,2023-05-01 00:08:10.000000 +00:00,true
412,79,2023-05-01 00:08:11.000000 +00:00,true
413,79,2023-05-01 00:08:12.000000 +00:00,true
414,79,2023-05-01 00:08:13.000000 +00:00,true
415,79,2023-05-01 00:08:14.000000 +00:00,true
416,79,2023-05-01 00:08:15.000000 +00:00,true
417,79,2023-05-01 00:08:16.000000 +00:00,true
418,79,2023-05-01 00:08:17.000000 +00:00,true
419,79,2023-05-01 00:08:18.000000 +00:00,true
420,79,2023-05-01 00:08:19.000000 +00:00,true
421,79,2023-05-01 00:08:20.000000 +00:00,true
422,79,2023-05-01 00:08:21.000000 +00:00,true
423,79,2023-05-01 00:08:22.000000 +00:00,true
424,79,2023-05-01 00:08:23.000000 +00:00,true
425,79,2023-05-01 00:08:24.000000 +00:00,true
426,79,2023-05-01 00:08:25.000000 +00:00,true
427,79,2023-05-01 00:08:26.000000 +00:00,true
428,79,2023-05-01 00:08:27.000000 +00:00,true
429,79,2023-05-01 00:08:28.000000 +00:00,true
430,79,2023-05-01 00:08:29.000000 +00:00,true
431,79,2023-05-01 00:08:30.000000 +00:00,true
432,79,2023-05-01 00:08:31.000000 +00:00,true
433,79,2023-05-01 00:08:32.000000 +00:00,true
434,79,2023-05-01 00:08:33.000000 +00:00,true
435,79,2023-05-01 00:08:34.000000 +00:00,true
436,79,2023-05-01 00:08:35.000000 +00:00,true
437,79,2023-05-01 00:08:36.000000 +00:00,false
438,79,2023-05-01 00:08:37.000000 +00:00,false
439,79,2023-05-01 00:08:38.000000 +00:00,false
440,79,2023-05-01 00:08:39.000000 +00:00,false
441,79,2023-05-01 00:08:40.000000 +00:00,false
442,79,2023-05-01 00:08:41.000000 +00:00,false
443,79,2023-05-01 00:08:42.000000 +00:00,false
444,79,2023-05-01 00:08:43.000000 +00:00,false
445,79,2023-05-01 00:08:44.000000 +00:00,false
446,79,2023-05-01 00:08:45.000000 +00:00,false
447,79,2023-05-01 00:08:46.000000 +00:00,false
448,79,2023-05-01 00:08:47.000000 +00:00,false
449,79,2023-05-01 00:08:48.000000 +00:00,false
450,79,2023-05-01 00:08:49.000000 +00:00,false
451,80,2023-05-01 00:09:00.000000 +00:00,true
452,80,2023-05-01 00:09:01.000000 +00:00,true
453,80,2023-05-01 00:09:02.000000 +00:00,true
454,80,2023-05-01 00:09:03.000000 +00:00,true
455,80,2023-05-01 00:09:04.000000 +00:00,true
456,80,2023-05-01 00:09:05.000000 +00:00,true
457,80,2023-05-01 00:09:06.000000 +00:00,true
458,80,2023-05-01 00:09:07.000000 +00:00,true
459,80,2023-05-01 00:09:08.000000 +00:00,true
460,80,2023-05-01 00:09:09.000000 +00:00,true
461,80,2023-05-01 00:09:10.000000 +00:00,true
462,80,2023-05-01 00:09:11.000000 +00:00,true
463,80,2023-05-01 00:09:12.000000 +00:00,true
464,80,2023-05-01 00:09:13.000000 +00:00,true
465,80,2023-05-01 00:09:14.000000 +00:00,true
466,80,2023-05-01 00:09:15.000000 +00:00,true
467,80,2023-05-01 00:09:16.000000 +00:00,true
468,80,2023-05-01 00:09:17.000000 +00:00,true
469,80,2023-05-01 00:09:18.000000 +00:00,true
470,80,2023-05-01 00:09:19.000000 +00:00,true
471,80,2023-05-01 00:09:20.000000 +00:00,true
472,80,2023-05-01 00:09:21.000000 +00:00,true
473,80,2023-05-01 00:09:22.000000 +00:00,true
474,80,2023-05-01 00:09:23.000000 +00:00,true
475,80,2023-05-01 00:09:24.000000 +00:00,true
476,80,2023-05-01 00:09:25.000000 +00:00,true
477,80,2023-05-01 00:09:26.000000 +00:00,true
478,80,2023-05-01 00:09:27.000000 +00:00,true
479,80,2023-05-01 00:09:28.000000 +00:00,true
480,80,2023-05-01 00:09:29.000000 +00:00,true
481,80,2023-05-01 00:09:30.000000 +00:00,true
482,80,2023-05-01 00:09:31.000000 +00:00,true
483,80,2023-05-01 00:09:32.000000 +00:00,true
484,80,2023-05-01 00:09:33.000000 +00:00,true
485,80,2023-05-01 00:09:34.000000 +00:00,true
486,80,2023-05-01 00:09:35.000000 +00:00,true
487,80,2023-05-01 00:09:36.000000 +00:00,true
488,80,2023-05-01 00:09:37.000000 +00:00,true
489,80,2023-05-01 00:09:38.000000 +00:00,true
490,80,2023-05-01 00:09:39.000000 +00:00,true
491,80,2023-05-01 00:09:40.000000 +00:00,false
492,80,2023-05-01 00:09:41.000000 +00:00,false
493,80,2023-05-01 00:09:42.000000 +00:00,false
494,80,2023-05-01 00:09:43.000000 +00:00,false
495,80,2023-05-01 00:09:44.000000 +00:00,false
496,80,2023-05-01 00:09:45.000000 +00:00,false
497,80,2023-05-01 00:09:46.000000 +00:00,false
498,80,2023-05-01 00:09:47.000000 +00:00,false
499,80,2023-05-01 00:09:48.000000 +00:00,false
500,80,2023-05-01 00:09:49.000000 +00:00,false
501,81,2023-05-01 00:10:00.000000 +00:00,true
502,81,2023-05-01 00:10:01.000000 +00:00,true
503,81,2023-05-01 00:10:02.000000 +00:00,true
504,81,2023-05-01 00:10:03.000000 +00:00,true
505,81,2023-05-01 00:10:04.000000 +00:00,true
506,81,2023-05-01 00:10:05.000000 +00:00,true
507,81,2023-05-01 00:10:06.000000 +00:00,true
508,81,2023-05-01 00:10:07.000000 +00:00,true
509,81,2023-05-01 00:10:08.000000 +00:00,true
510,81,2023-05-01 00:10:09.000000 +00:00,true
511,81,2023-05-01 00:10:10.000000 +00:00,true
512,81,2023-05-01 00:10:11.000000 +00:00,true
513,81,2023-05-01 00:10:12.000000 +00:00,true
514,81,2023-05-01 00:10:13.000000 +00:00,true
515,81,2023-05-01 00:10:14.000000 +00:00,true
516,81,2023-05-01 00:10:15.000000 +00:00,true
517,81,2023-05-01 00:10:16.000000 +00:00,true
518,81,2023-05-01 00:10:17.000000 +00:00,true
519,81,2023-05-01 00:10:18.000000 +00:00,true
520,81,2023-05-01 00:10:19.000000 +00:00,true
521,81,2023-05-01 00:10:20.000000 +00:00,true
522,81,2023-05-01 00:10:21.000000 +00:00,true
523,81,2023-05-01 00:10:22.000000 +00:00,true
524,81,2023-05-01 00:10:23.000000 +00:00,true
525,81,2023-05-01 00:10:24.000000 +00:00,true
526,81,2023-05-01 00:10:25.000000 +00:00,true
527,81,2023-05-01 00:10:26.000000 +00:00,true
528,81,2023-05-01 00:10:27.000000 +00:00,true
529,81,2023-05-01 00:10:28.000000 +00:00,true
530,81,2023-05-01 00:10:29.000000 +00:00,true
531,81,2023-05-01 00:10:30.000000 +00:00,true
532,81,2023-05-01 00:10:31.000000 +00:00,true
533,81,2023-05-01 00:10:32.000000 +00:00,true
534,81,2023-05-01 00:10:33.000000 +00:00,true
535,81,2023-05-01 00:10:34.000000 +00:00,true
536,81,2023-05-01 00:10:35.000000 +00:00,true
537,81,2023-05-01 00:10:36.000000 +00:00,true
538,81,2023-05-01 00:10:37.000000 +00:00,true
539,81,2023-05-01 00:10:38.000000 +00:00,true
540,81,2023-05-01 00:10:39.000000 +00:00,true
541,81,2023-05-01 00:10:40.000000 +00:00,true
542,81,2023-05-01 00:10:41.000000 +00:00,true
543,81,2023-05-01 00:10:42.000000 +00:00,true
544,81,2023-05-01 00:10:43.000000 +00:00,true
545,81,2023-05-01 00:10:44.000000 +00:00,true
546,81,2023-05-01 00:10:45.000000 +00:00,false
547,81,2023-05-01 00:10:46.000000 +00:00,false
548,81,2023-05-01 00:10:47.000000 +00:00,false
549,81,2023-05-01 00:10:48.000000 +00:00,false
550,81,2023-05-01 00:10:49.000000 +00:00,false
551,82,2023-05-01 00:11:00.000000 +00:00,true
552,82,2023-05-01 00:11:01.000000 +00:00,true
553,82,2023-05-01 00:11:02.000000 +00:00,true
554,82,2023-05-01 00:11:03.000000 +00:00,true
555,82,2023-05-01 00:11:04.000000 +00:00,true
556,82,2023-05-01 00:11:05.000000 +00:00,true
557,82,2023-05-01 00:11:06.000000 +00:00,true
558,82,2023-05-01 00:11:07.000000 +00:00,true
559,82,2023-05-01 00:11:08.000000 +00:00,true
560,82,2023-05-01 00:11:09.000000 +00:00,true
561,82,2023-05-01 00:11:10.000000 +00:00,true
562,82,2023-05-01 00:11:11.000000 +00:00,true
563,82,2023-05-01 00:11:12.000000 +00:00,true
564,82,2023-05-01 00:11:13.000000 +00:00,true
565,82,2023-05-01 00:11:14.000000 +00:00,true
566,82,2023-05-01 00:11:15.000000 +00:00,true
567,82,2023-05-01 00:11:16.000000 +00:00,true
568,82,2023-05-01 00:11:17.000000 +00:00,true
569,82,2023-05-01 00:11:18.000000 +00:00,true
570,82,2023-05-01 00:11:19.000000 +00:00,true
571,82,2023-05-01 00:11:20.000000 +00:00,true
572,82,2023-05-01 00:11:21.000000 +00:00,true
573,82,2023-05-01 00:11:22.000000 +00:00,true
574,82,2023-05-01 00:11:23.000000 +00:00,true
575,82,2023-05-01 00:11:24.000000 +00:00,true
576,82,2023-05-01 00:11:25.000000 +00:00,true
577,82,2023-05-01 00:11:26.000000 +00:00,true
578,82,2023-05-01 00:11:27.000000 +00:00,true
579,82,2023-05-01 00:11:28.000000 +00:00,true
580,82,2023-05-01 00:11:29.000000 +00:00,true
581,82,2023-05-01 00:11:30.000000 +00:00,true
582,82,2023-05-01 00:11:31.000000 +00:00,true
583,82,2023-05-01 00:11:32.000000 +00:00,true
584,82,2023-05-01 00:11:33.000000 +00:00,true
585,82,2023-05-01 00:11:34.000000 +00:00,true
586,82,2023-05-01 00:11:35.000000 +00:00,true
587,82,2023-05-01 00:11:36.000000 +00:00,true
588,82,2023-05-01 00:11:37.000000 +00:00,true
589,82,2023-05-01 00:11:38.000000 +00:00,true
590,82,2023-05-01 00:11:39.000000 +00:00,true
591,82,2023-05-01 00:11:40.000000 +00:00,true
592,82,2023-05-01 00:11:41.000000 +00:00,true
593,82,2023-05-01 00:11:42.000000 +00:00,true
594,82,2023-05-01 00:11:43.000000 +00:00,true
595,82,2023-05-01 00:11:44.000000 +00:00,false
596,82,2023-05-01 00:11:45.000000 +00:00,false
597,82,2023-05-01 00:11:46.000000 +00:00,false
598,82,2023-05-01 00:11:47.000000 +00:00,false
599,82,2023-05-01 00:11:48.000000 +00:00,false
600,82,2023-05-01 00:11:49.000000 +00:00,false
601,83,2023-05-01 00:12:00.000000 +00:00,true
602,83,2023-05-01 00:12:01.000000 +00:00,true
603,83,2023-05-01 00:12:02.000000 +00:00,true
604,83,2023-05-01 00:12:03.000000 +00:00,true
605,83,2023-05-01 00:12:04.000000 +00:00,true
606,83,2023-05-01 00:12:05.000000 +00:00,true
607,83,2023-05-01 00:12:06.000000 +00:00,true
608,83,2023-05-01 00:12:07.000000 +00:00,true
609,83,2023-05-01 00:12:08.000000 +00:00,true
610,83,2023-05-01 00:12:09.000000 +00:00,true
611,83,2023-05-01 00:12:10.000000 +00:00,true
612,83,2023-05-01 00:12:11.000000 +00:00,true
613,83,2023-05-01 00:12:12.000000 +00:00,true
614,83,2023-05-01 00:12:13.000000 +00:00,true
615,83,2023-05-01 00:12:14.000000 +00:00,true
616,83,2023-05-01 00:12:15.000000 +00:00,true
617,83,2023-05-01 00:12:16.000000 +00:00,true
618,83,2023-05-01 00:12:17.000000 +00:00,true
619,83,2023-05-01 00:12:18.000000 +00:00,true
620,83,2023-05-01 00:12:19.000000 +00:00,true
621,83,2023-05-01 00:12:20.000000 +00:00,true
622,83,2023-05-01 00:12:21.000000 +00:00,true
623,83,2023-05-01 00:12:22.000000 +00:00,true
624,83,2023-05-01 00:12:23.000000 +00:00,true
625,83,2023-05-01 00:12:24.000000 +00:00,true
626,83,2023-05-01 00:12:25.000000 +00:00,true
627,83,2023-05-01 00:12:26.000000 +00:00,true
628,83,2023-05-01 00:12:27.000000 +00:00,true
629,83,2023-05-01 00:12:28.000000 +00:00,true
630,83,2023-05-01 00:12:29.000000 +00:00,true
631,83,2023-05-01 00:12:30.000000 +00:00,true
632,83,2023-05-01 00:12:31.000000 +00:00,true
633,83,2023-05-01 00:12:32.000000 +00:00,true
634,83,2023-05-01 00:12:33.000000 +00:00,false
635,83,2023-05-01 00:12:34.000000 +00:00,false
636,83,2023-05-01 00:12:35.000000 +00:00,false
637,83,2023-05-01 00:12:36.000000 +00:00,false
638,83,2023-05-01 00:12:37.000000 +00:00,false
639,83,2023-05-01 00:12:38.000000 +00:00,false
640,83,2023-05-01 00:12:39.000000 +00:00,false
641,83,2023-05-01 00:12:40.000000 +00:00,false
642,83,2023-05-01 00:12:41.000000 +00:00,false
643,83,2023-05-01 00:12:42.000000 +00:00,false
644,83,2023-05-01 00:12:43.000000 +00:00,false
645,83,2023-05-01 00:12:44.000000 +00:00,false
646,83,2023-05-01 00:12:45.000000 +00:00,false
647,83,2023-05-01 00:12:46.000000 +00:00,false
648,83,2023-05-01 00:12:47.000000 +00:00,false
649,83,2023-05-01 00:12:48.000000 +00:00,false
650,83,2023-05-01 00:12:49.000000 +00:00,false
651,84,2023-05-01 00:13:00.000000 +00:00,true
652,84,2023-05-01 00:13:01.000000 +00:00,true
653,84,2023-05-01 00:13:02.000000 +00:00,true
654,84,2023-05-01 00:13:03.000000 +00:00,true
655,84,2023-05-01 00:13:04.000000 +00:00,true
656,84,2023-05-01 00:13:05.000000 +00:00,true
657,84,2023-05-01 00:13:06.000000 +00:00,true
658,84,2023-05-01 00:13:07.000000 +00:00,true
659,84,2023-05-01 00:13:08.000000 +00:00,true
660,84,2023-05-01 00:13:09.000000 +00:00,true
661,84,2023-05-01 00:13:10.000000 +00:00,true
662,84,2023-05-01 00:13:11.000000 +00:00,true
663,84,2023-05-01 00:13:12.000000 +00:00,true
664,84,2023-05-01 00:13:13.000000 +00:00,true
665,84,2023-05-01 00:13:14.000000 +00:00,true
666,84,2023-05-01 00:13:15.000000 +00:00,true
667,84,2023-05-01 00:13:16.000000 +00:00,true
668,84,2023-05-01 00:13:17.000000 +00:00,true
669,84,2023-05-01 00:13:18.000000 +00:00,true
670,84,2023-05-01 00:13:19.000000 +00:00,true
671,84,2023-05-01 00:13:20.000000 +00:00,true
672,84,2023-05-01 00:13:21.000000 +00:00,true
673,84,2023-05-01 00:13:22.000000 +00:00,true
674,84,2023-05-01 00:13:23.000000 +00:00,true
675,84,2023-05-01 00:13:24.000000 +00:00,true
676,84,2023-05-01 00:13:25.000000 +00:00,true
677,84,2023-05-01 00:13:26.000000 +00:00,true
678,84,2023-05-01 00:13:27.000000 +00:00,true
679,84,2023-05-01 00:13:28.000000 +00:00,true
680,84,2023-05-01 00:13:29.000000 +00:00,true
681,84,2023-05-01 00:13:30.000000 +00:00,true
682,84,2023-05-01 00:13:31.000000 +00:00,true
683,84,2023-05-01 00:13:32.000000 +00:00,true
684,84,2023-05-01 00:13:33.000000 +00:00,true
685,84,2023-05-01 00:13:34.000000 +00:00,true
686,84,2023-05-01 00:13:35.000000 +00:00,true
687,84,2023-05-01 00:13:36.000000 +00:00,true
688,84,2023-05-01 00:13:37.000000 +00:00,true
689,84,2023-05-01 00:13:38.000000 +00:00,false
690,84,2023-05-01 00:13:39.000000 +00:00,false
691,84,2023-05-01 00:13:40.000000 +00:00,false
692,84,2023-05-01 00:13:41.000000 +00:00,false
693,84,2023-05-01 00:13:42.000000 +00:00,false
694,84,2023-05-01 00:13:43.000000 +00:00,false
695,84,2023-05-01 00:13:44.000000 +00:00,false
696,84,2023-05-01 00:13:45.000000 +00:00,false
697,84,2023-05-01 00:13:46.000000 +00:00,false
698,84,2023-05-01 00:13:47.000000 +00:00,false
699,84,2023-05-01 00:13:48.000000 +00:00,false
700,84,2023-05-01 00:13:49.000000 +00:00,false
701,85,2023-05-01 00:14:00.000000 +00:00,true
702,85,2023-05-01 00:14:01.000000 +00:00,true
703,85,2023-05-01 00:14:02.000000 +00:00,true
704,85,2023-05-01 00:14:03.000000 +00:00,true
705,85,2023-05-01 00:14:04.000000 +00:00,true
706,85,2023-05-01 00:14:05.000000 +00:00,true
707,85,2023-05-01 00:14:06.000000 +00:00,true
708,85,2023-05-01 00:14:07.000000 +00:00,true
709,85,2023-05-01 00:14:08.000000 +00:00,true
710,85,2023-05-01 00:14:09.000000 +00:00,true
711,85,2023-05-01 00:14:10.000000 +00:00,true
712,85,2023-05-01 00:14:11.000000 +00:00,true
713,85,2023-05-01 00:14:12.000000 +00:00,true
714,85,2023-05-01 00:14:13.000000 +00:00,true
715,85,2023-05-01 00:14:14.000000 +00:00,true
716,85,2023-05-01 00:14:15.000000 +00:00,true
717,85,2023-05-01 00:14:16.000000 +00:00,true
718,85,2023-05-01 00:14:17.000000 +00:00,true
719,85,2023-05-01 00:14:18.000000 +00:00,true
720,85,2023-05-01 00:14:19.000000 +00:00,true
721,85,2023-05-01 00:14:20.000000 +00:00,true
722,85,2023-05-01 00:14:21.000000 +00:00,true
723,85,2023-05-01 00:14:22.000000 +00:00,true
724,85,2023-05-01 00:14:23.000000 +00:00,true
725,85,2023-05-01 00:14:24.000000 +00:00,true
726,85,2023-05-01 00:14:25.000000 +00:00,true
727,85,2023-05-01 00:14:26.000000 +00:00,true
728,85,2023-05-01 00:14:27.000000 +00:00,true
729,85,2023-05-01 00:14:28.000000 +00:00,false
730,85,2023-05-01 00:14:29.000000 +00:00,false
731,85,2023-05-01 00:14:30.000000 +00:00,false
732,85,2023-05-01 00:14:31.000000 +00:00,false
733,85,2023-05-01 00:14:32.000000 +00:00,false
734,85,2023-05-01 00:14:33.000000 +00:00,false
735,85,2023-05-01 00:14:34.000000 +00:00,false
736,85,2023-05-01 00:14:35.000000 +00:00,false
737,85,2023-05-01 00:14:36.000000 +00:00,false
738,85,2023-05-01 00:14:37.000000 +00:00,false
739,85,2023-05-01 00:14:38.000000 +00:00,false
740,85,2023-05-01 00:14:39.000000 +00:00,false
741,85,2023-05-01 00:14:40.000000 +00:00,false
742,85,2023-05-01 00:14:41.000000 +00:00,false
743,85,2023-05-01 00:14:42.000000 +00:00,false
744,85,2023-05-01 00:14:43.000000 +00:00,false
745,85,2023-05-01 00:14:44.000000 +00:00,false
746,85,2023-05-01 00:14:45.000000 +00:00,false
747,85,2023-05-01 00:14:46.000000 +00:00,false
748,85,2023-05-01 00:14:47.000000 +00:00,false
749,85,2023-05-01 00:14:48.000000 +00:00,false
750,85,2023-05-01 00:14:49.000000 +00:00,false
751,86,2023-05-01 00:15:00.000000 +00:00,true
752,86,2023-05-01 00:15:01.000000 +00:00,true
753,86,2023-05-01 00:15:02.000000 +00:00,true
754,86,2023-05-01 00:15:03.000000 +00:00,true
755,86,2023-05-01 00:15:04.000000 +00:00,true
756,86,2023-05-01 00:15:05.000000 +00:00,true
757,86,2023-05-01 00:15:06.000000 +00:00,true
758,86,2023-05-01 00:15:07.000000 +00:00,true
759,86,2023-05-01 00:15:08.000000 +00:00,true
760,86,2023-05-01 00:15:09.000000 +00:00,true
761,86,2023-05-01 00:15:10.000000 +00:00,true
762,86,2023-05-01 00:15:11.000000 +00:00,true
763,86,2023-05-01 00:15:12.000000 +00:00,true
764,86,2023-05-01 00:15:13.000000 +00:00,true
765,86,2023-05-01 00:15:14.000000 +00:00,true
766,86,2023-05-01 00:15:15.000000 +00:00,true
767,86,2023-05-01 00:15:16.000000 +00:00,true
768,86,2023-05-01 00:15:17.000000 +00:00,true
769,86,2023-05-01 00:15:18.000000 +00:00,true
770,86,2023-05-01 00:15:19.000000 +00:00,true
771,86,2023-05-01 00:15:20.000000 +00:00,true
772,86,2023-05-01 00:15:21.000000 +00:00,true
773,86,2023-05-01 00:15:22.000000 +00:00,true
774,86,2023-05-01 00:15:23.000000 +00:00,true
775,86,2023-05-01 00:15:24.000000 +00:00,true
776,86,2023-05-01 00:15:25.000000 +00:00,true
777,86,2023-05-01 00:15:26.000000 +00:00,true
778,86,2023-05-01 00:15:27.000000 +00:00,true
779,86,2023-05-01 00:15:28.000000 +00:00,true
780,86,2023-05-01 00:15:29.000000 +00:00,true
781,86,2023-05-01 00:15:30.000000 +00:00,true
782,86,2023-05-01 00:15:31.000000 +00:00,true
783,86,2023-05-01 00:15:32.000000 +00:00,true
784,86,2023-05-01 00:15:33.000000 +00:00,true
785,86,2023-05-01 00:15:34.000000 +00:00,true
786,86,2023-05-01 00:15:35.000000 +00:00,true
787,86,2023-05-01 00:15:36.000000 +00:00,true
788,86,2023-05-01 00:15:37.000000 +00:00,true
789,86,2023-05-01 00:15:38.000000 +00:00,true
790,86,2023-05-01 00:15:39.000000 +00:00,true
791,86,2023-05-01 00:15:40.000000 +00:00,true
792,86,2023-05-01 00:15:41.000000 +00:00,true
793,86,2023-05-01 00:15:42.000000 +00:00,false
794,86,2023-05-01 00:15:43.000000 +00:00,false
795,86,2023-05-01 00:15:44.000000 +00:00,false
796,86,2023-05-01 00:15:45.000000 +00:00,false
797,86,2023-05-01 00:15:46.000000 +00:00,false
798,86,2023-05-01 00:15:47.000000 +00:00,false
799,86,2023-05-01 00:15:48.000000 +00:00,false
800,86,2023-05-01 00:15:49.000000 +00:00,false
801,87,2023-05-01 00:16:00.000000 +00:00,true
802,87,2023-05-01 00:16:01.000000 +00:00,true
803,87,2023-05-01 00:16:02.000000 +00:00,true
804,87,2023-05-01 00:16:03.000000 +00:00,true
805,87,2023-05-01 00:16:04.000000 +00:00,true
806,87,2023-05-01 00:16:05.000000 +00:00,true
807,87,2023-05-01 00:16:06.000000 +00:00,true
808,87,2023-05-01 00:16:07.000000 +00:00,true
809,87,2023-05-01 00:16:08.000000 +00:00,true
810,87,2023-05-01 00:16:09.000000 +00:00,true
811,87,2023-05-01 00:16:10.000000 +00:00,true
812,87,2023-05-01 00:16:11.000000 +00:00,true
813,87,2023-05-01 00:16:12.000000 +00:00,true
814,87,2023-05-01 00:16:13.000000 +00:00,true
815,87,2023-05-01 00:16:14.000000 +00:00,true
816,87,2023-05-01 00:16:15.000000 +00:00,true
817,87,2023-05-01 00:16:16.000000 +00:00,true
818,87,2023-05-01 00:16:17.000000 +00:00,true
819,87,2023-05-01 00:16:18.000000 +00:00,true
820,87,2023-05-01 00:16:19.000000 +00:00,true
821,87,2023-05-01 00:16:20.000000 +00:00,true
822,87,2023-05-01 00:16:21.000000 +00:00,true
823,87,2023-05-01 00:16:22.000000 +00:00,true
824,87,2023-05-01 00:16:23.000000 +00:00,true
825,87,2023-05-01 00:16:24.000000 +00:00,true
826,87,2023-05-01 00:16:25.000000 +00:00,true
827,87,2023-05-01 00:16:26.000000 +00:00,true
828,87,2023-05-01 00:16:27.000000 +00:00,true
829,87,2023-05-01 00:16:28.000000 +00:00,true
830,87,2023-05-01 00:16:29.000000 +00:00,true
831,87,2023-05-01 00:16:30.000000 +00:00,true
832,87,2023-05-01 00:16:31.000000 +00:00,true
833,87,2023-05-01 00:16:32.000000 +00:00,true
834,87,2023-05-01 00:16:33.000000 +00:00,true
835,87,2023-05-01 00:16:34.000000 +00:00,true
836,87,2023-05-01 00:16:35.000000 +00:00,true
837,87,2023-05-01 00:16:36.000000 +00:00,true
838,87,2023-05-01 00:16:37.000000 +00:00,true
839,87,2023-05-01 00:16:38.000000 +00:00,true
840,87,2023-05-01 00:16:39.000000 +00:00,true
841,87,2023-05-01 00:16:40.000000 +00:00,false
842,87,2023-05-01 00:16:41.000000 +00:00,false
843,87,2023-05-01 00:16:42.000000 +00:00,false
844,87,2023-05-01 00:16:43.000000 +00:00,false
845,87,2023-05-01 00:16:44.000000 +00:00,false
846,87,2023-05-01 00:16:45.000000 +00:00,false
847,87,2023-05-01 00:16:46.000000 +00:00,false
848,87,2023-05-01 00:16:47.000000 +00:00,false
849,87,2023-05-01 00:16:48.000000 +00:00,false
850,87,2023-05-01 00:16:49.000000 +00:00,false
851,88,2023-05-01 00:17:00.000000 +00:00,true
852,88,2023-05-01 00:17:01.000000 +00:00,true
853,88,2023-05-01 00:17:02.000000 +00:00,true
854,88,2023-05-01 00:17:03.000000 +00:00,true
855,88,2023-05-01 00:17:04.000000 +00:00,true
856,88,2023-05-01 00:17:05.000000 +00:00,true
857,88,2023-05-01 00:17:06.000000 +00:00,true
858,88,2023-05-01 00:17:07.000000 +00:00,true
859,88,2023-05-01 00:17:08.000000 +00:00,true
860,88,2023-05-01 00:17:09.000000 +00:00,true
861,88,2023-05-01 00:17:10.000000 +00:00,true
862,88,2023-05-01 00:17:11.000000 +00:00,true
863,88,2023-05-01 00:17:12.000000 +00:00,true
864,88,2023-05-01 00:17:13.000000 +00:00,true
865,88,2023-05-01 00:17:14.000000 +00:00,true
866,88,2023-05-01 00:17:15.000000 +00:00,true
867,88,2023-05-01 00:17:16.000000 +00:00,true
868,88,2023-05-01 00:17:17.000000 +00:00,true
869,88,2023-05-01 00:17:18.000000 +00:00,true
870,88,2023-05-01 00:17:19.000000 +00:00,true
871,88,2023-05-01 00:17:20.000000 +00:00,true
872,88,2023-05-01 00:17:21.000000 +00:00,true
873,88,2023-05-01 00:17:22.000000 +00:00,true
874,88,2023-05-01 00:17:23.000000 +00:00,true
875,88,2023-05-01 00:17:24.000000 +00:00,true
876,88,2023-05-01 00:17:25.000000 +00:00,true
877,88,2023-05-01 00:17:26.000000 +00:00,true
878,88,2023-05-01 00:17:27.000000 +00:00,true
879,88,2023-05-01 00:17:28.000000 +00:00,true
880,88,2023-05-01 00:17:29.000000 +00:00,true
881,88,2023-05-01 00:17:30.000000 +00:00,true
882,88,2023-05-01 00:17:31.000000 +00:00,true
883,88,2023-05-01 00:17:32.000000 +00:00,true
884,88,2023-05-01 00:17:33.000000 +00:00,true
885,88,2023-05-01 00:17:34.000000 +00:00,true
886,88,2023-05-01 00:17:35.000000 +00:00,true
887,88,2023-05-01 00:17:36.000000 +00:00,true
888,88,2023-05-01 00:17:37.000000 +00:00,true
889,88,2023-05-01 00:17:38.000000 +00:00,true
890,88,2023-05-01 00:17:39.000000 +00:00,true
891,88,2023-05-01 00:17:40.000000 +00:00,true
892,88,2023-05-01 00:17:41.000000 +00:00,true
893,88,2023-05-01 00:17:42.000000 +00:00,true
894,88,2023-05-01 00:17:43.000000 +00:00,true
895,88,2023-05-01 00:17:44.000000 +00:00,true
896,88,2023-05-01 00:17:45.000000 +00:00,false
897,88,2023-05-01 00:17:46.000000 +00:00,false
898,88,2023-05-01 00:17:47.000000 +00:00,false
899,88,2023-05-01 00:17:48.000000 +00:00,false
900,88,2023-05-01 00:17:49.000000 +00:00,false
901,89,2023-05-01 00:18:00.000000 +00:00,true
902,89,2023-05-01 00:18:01.000000 +00:00,true
903,89,2023-05-01 00:18:02.000000 +00:00,true
904,89,2023-05-01 00:18:03.000000 +00:00,true
905,89,2023-05-01 00:18:04.000000 +00:00,true
906,89,2023-05-01 00:18:05.000000 +00:00,true
907,89,2023-05-01 00:18:06.000000 +00:00,true
908,89,2023-05-01 00:18:07.000000 +00:00,true
909,89,2023-05-01 00:18:08.000000 +00:00,true
910,89,2023-05-01 00:18:09.000000 +00:00,true
911,89,2023-05-01 00:18:10.000000 +00:00,true
912,89,2023-05-01 00:18:11.000000 +00:00,true
913,89,2023-05-01 00:18:12.000000 +00:00,true
914,89,2023-05-01 00:18:13.000000 +00:00,true
915,89,2023-05-01 00:18:14.000000 +00:00,true
916,89,2023-05-01 00:18:15.000000 +00:00,true
917,89,2023-05-01 00:18:16.000000 +00:00,true
918,89,2023-05-01 00:18:17.000000 +00:00,true
919,89,2023-05-01 00:18:18.000000 +00:00,true
920,89,2023-05-01 00:18:19.000000 +00:00,true
921,89,2023-05-01 00:18:20.000000 +00:00,true
922,89,2023-05-01 00:18:21.000000 +00:00,true
923,89,2023-05-01 00:18:22.000000 +00:00,true
924,89,2023-05-01 00:18:23.000000 +00:00,true
925,89,2023-05-01 00:18:24.000000 +00:00,true
926,89,2023-05-01 00:18:25.000000 +00:00,true
927,89,2023-05-01 00:18:26.000000 +00:00,true
928,89,2023-05-01 00:18:27.000000 +00:00,true
929,89,2023-05-01 00:18:28.000000 +00:00,true
930,89,2023-05-01 00:18:29.000000 +00:00,true
931,89,2023-05-01 00:18:30.000000 +00:00,true
932,89,2023-05-01 00:18:31.000000 +00:00,true
933,89,2023-05-01 00:18:32.000000 +00:00,true
934,89,2023-05-01 00:18:33.000000 +00:00,true
935,89,2023-05-01 00:18:34.000000 +00:00,true
936,89,2023-05-01 00:18:35.000000 +00:00,true
937,89,2023-05-01 00:18:36.000000 +00:00,true
938,89,2023-05-01 00:18:37.000000 +00:00,false
939,89,2023-05-01 00:18:38.000000 +00:00,false
940,89,2023-05-01 00:18:39.000000 +00:00,false
941,89,2023-05-01 00:18:40.000000 +00:00,false
942,89,2023-05-01 00:18:41.000000 +00:00,false
943,89,2023-05-01 00:18:42.000000 +00:00,false
944,89,2023-05-01 00:18:43.000000 +00:00,false
945,89,2023-05-01 00:18:44.000000 +00:00,false
946,89,2023-05-01 00:18:45.000000 +00:00,false
947,89,2023-05-01 00:18:46.000000 +00:00,false
948,89,2023-05-01 00:18:47.000000 +00:00,false
949,89,2023-05-01 00:18:48.000000 +00:00,false
950,89,2023-05-01 00:18:49.000000 +00:00,false
951,90,2023-05-01 00:19:00.000000 +00:00,true
952,90,2023-05-01 00:19:01.000000 +00:00,true
953,90,2023-05-01 00:19:02.000000 +00:00,true
954,90,2023-05-01 00:19:03.000000 +00:00,true
955,90,2023-05-01 00:19:04.000000 +00:00,true
956,90,2023-05-01 00:19:05.000000 +00:00,true
957,90,2023-05-01 00:19:06.000000 +00:00,true
958,90,2023-05-01 00:19:07.000000 +00:00,true
959,90,2023-05-01 00:19:08.000000 +00:00,true
960,90,2023-05-01 00:19:09.000000 +00:00,true
961,90,2023-05-01 00:19:10.000000 +00:00,true
962,90,2023-05-01 00:19:11.000000 +00:00,true
963,90,2023-05-01 00:19:12.000000 +00:00,true
964,90,2023-05-01 00:19:13.000000 +00:00,true
965,90,2023-05-01 00:19:14.000000 +00:00,true
966,90,2023-05-01 00:19:15.000000 +00:00,true
967,90,2023-05-01 00:19:16.000000 +00:00,true
968,90,2023-05-01 00:19:17.000000 +00:00,true
969,90,2023-05-01 00:19:18.000000 +00:00,true
970,90,2023-05-01 00:19:19.000000 +00:00,true
971,90,2023-05-01 00:19:20.000000 +00:00,true
972,90,2023-05-01 00:19:21.000000 +00:00,true
973,90,2023-05-01 00:19:22.000000 +00:00,true
974,90,2023-05-01 00:19:23.000000 +00:00,true
975,90,2023-05-01 00:19:24.000000 +00:00,true
976,90,2023-05-01 00:19:25.000000 +00:00,true
977,90,2023-05-01 00:19:26.000000 +00:00,true
978,90,2023-05-01 00:19:27.000000 +00:00,true
979,90,2023-05-01 00:19:28.000000 +00:00,true
980,90,2023-05-01 00:19:29.000000 +00:00,true
981,90,2023-05-01 00:19:30.000000 +00:00,true
982,90,2023-05-01 00:19:31.000000 +00:00,true
983,90,2023-05-01 00:19:32.000000 +00:00,true
984,90,2023-05-01 00:19:33.000000 +00:00,true
985,90,2023-05-01 00:19:34.000000 +00:00,true
986,90,2023-05-01 00:19:35.000000 +00:00,true
987,90,2023-05-01 00:19:36.000000 +00:00,true
988,90,2023-05-01 00:19:37.000000 +00:00,true
989,90,2023-05-01 00:19:38.000000 +00:00,true
990,90,2023-05-01 00:19:39.000000 +00:00,false
991,90,2023-05-01 00:19:40.000000 +00:00,false
992,90,2023-05-01 00:19:41.000000 +00:00,false
993,90,2023-05-01 00:19:42.000000 +00:00,false
994,90,2023-05-01 00:19:43.000000 +00:00,false
995,90,2023-05-01 00:19:44.000000 +00:00,false
996,90,2023-05-01 00:19:45.000000 +00:00,false
997,90,2023-05-01 00:19:46.000000 +00:00,false
998,90,2023-05-01 00:19:47.000000 +00:00,false
999,90,2023-05-01 00:19:48.000000 +00:00,false
1000,90,2023-05-01 00:19:49.000000 +00:00,false
1001,91,2023-05-01 00:20:00.000000 +00:00,true
1002,91,2023-05-01 00:20:01.000000 +00:00,true
1003,91,2023-05-01 00:20:02.000000 +00:00,true
1004,91,2023-05-01 00:20:03.000000 +00:00,true
1005,91,2023-05-01 00:20:04.000000 +00:00,true
1006,91,2023-05-01 00:20:05.000000 +00:00,true
1007,91,2023-05-01 00:20:06.000000 +00:00,true
1008,91,2023-05-01 00:20:07.000000 +00:00,true
1009,91,2023-05-01 00:20:08.000000 +00:00,true
1010,91,2023-05-01 00:20:09.000000 +00:00,true
1011,91,2023-05-01 00:20:10.000000 +00:00,true
1012,91,2023-05-01 00:20:11.000000 +00:00,true
1013,91,2023-05-01 00:20:12.000000 +00:00,true
1014,91,2023-05-01 00:20:13.000000 +00:00,true
1015,91,2023-05-01 00:20:14.000000 +00:00,true
1016,91,2023-05-01 00:20:15.000000 +00:00,true
1017,91,2023-05-01 00:20:16.000000 +00:00,true
1018,91,2023-05-01 00:20:17.000000 +00:00,true
1019,91,2023-05-01 00:20:18.000000 +00:00,true
1020,91,2023-05-01 00:20:19.000000 +00:00,true
1021,91,2023-05-01 00:20:20.000000 +00:00,true
1022,91,2023-05-01 00:20:21.000000 +00:00,true
1023,91,2023-05-01 00:20:22.000000 +00:00,true
1024,91,2023-05-01 00:20:23.000000 +00:00,true
1025,91,2023-05-01 00:20:24.000000 +00:00,true
1026,91,2023-05-01 00:20:25.000000 +00:00,true
1027,91,2023-05-01 00:20:26.000000 +00:00,true
1028,91,2023-05-01 00:20:27.000000 +00:00,true
1029,91,2023-05-01 00:20:28.000000 +00:00,true
1030,91,2023-05-01 00:20:29.000000 +00:00,true
1031,91,2023-05-01 00:20:30.000000 +00:00,false
1032,91,2023-05-01 00:20:31.000000 +00:00,false
1033,91,2023-05-01 00:20:32.000000 +00:00,false
1034,91,2023-05-01 00:20:33.000000 +00:00,false
1035,91,2023-05-01 00:20:34.000000 +00:00,false
1036,91,2023-05-01 00:20:35.000000 +00:00,false
1037,91,2023-05-01 00:20:36.000000 +00:00,false
1038,91,2023-05-01 00:20:37.000000 +00:00,false
1039,91,2023-05-01 00:20:38.000000 +00:00,false
1040,91,2023-05-01 00:20:39.000000 +00:00,false
1041,91,2023-05-01 00:20:40.000000 +00:00,false
1042,91,2023-05-01 00:20:41.000000 +00:00,false
1043,91,2023-05-01 00:20:42.000000 +00:00,false
1044,91,2023-05-01 00:20:43.000000 +00:00,false
1045,91,2023-05-01 00:20:44.000000 +00:00,false
1046,91,2023-05-01 00:20:45.000000 +00:00,false
1047,91,2023-05-01 00:20:46.000000 +00:00,false
1048,91,2023-05-01 00:20:47.000000 +00:00,false
1049,91,2023-05-01 00:20:48.000000 +00:00,false
1050,91,2023-05-01 00:20:49.000000 +00:00,false
1051,92,2023-05-01 00:21:00.000000 +00:00,true
1052,92,2023-05-01 00:21:01.000000 +00:00,true
1053,92,2023-05-01 00:21:02.000000 +00:00,true
1054,92,2023-05-01 00:21:03.000000 +00:00,true
1055,92,2023-05-01 00:21:04.000000 +00:00,true
1056,92,2023-05-01 00:21:05.000000 +00:00,true
1057,92,2023-05-01 00:21:06.000000 +00:00,true
1058,92,2023-05-01 00:21:07.000000 +00:00,true
1059,92,2023-05-01 00:21:08.000000 +00:00,true
1060,92,2023-05-01 00:21:09.000000 +00:00,true
1061,92,2023-05-01 00:21:10.000000 +00:00,true
1062,92,2023-05-01 00:21:11.000000 +00:00,true
1063,92,2023-05-01 00:21:12.000000 +00:00,true
1064,92,2023-05-01 00:21:13.000000 +00:00,true
1065,92,2023-05-01 00:21:14.000000 +00:00,true
1066,92,2023-05-01 00:21:15.000000 +00:00,true
1067,92,2023-05-01 00:21:16.000000 +00:00,true
1068,92,2023-05-01 00:21:17.000000 +00:00,true
1069,92,2023-05-01 00:21:18.000000 +00:00,true
1070,92,2023-05-01 00:21:19.000000 +00:00,true
1071,92,2023-05-01 00:21:20.000000 +00:00,true
1072,92,2023-05-01 00:21:21.000000 +00:00,true
1073,92,2023-05-01 00:21:22.000000 +00:00,true
1074,92,2023-05-01 00:21:23.000000 +00:00,true
1075,92,2023-05-01 00:21:24.000000 +00:00,true
1076,92,2023-05-01 00:21:25.000000 +00:00,true
1077,92,2023-05-01 00:21:26.000000 +00:00,true
1078,92,2023-05-01 00:21:27.000000 +00:00,true
1079,92,2023-05-01 00:21:28.000000 +00:00,true
1080,92,2023-05-01 00:21:29.000000 +00:00,true
1081,92,2023-05-01 00:21:30.000000 +00:00,true
1082,92,2023-05-01 00:21:31.000000 +00:00,true
1083,92,2023-05-01 00:21:32.000000 +00:00,false
1084,92,2023-05-01 00:21:33.000000 +00:00,false
1085,92,2023-05-01 00:21:34.000000 +00:00,false
1086,92,2023-05-01 00:21:35.000000 +00:00,false
1087,92,2023-05-01 00:21:36.000000 +00:00,false
1088,92,2023-05-01 00:21:37.000000 +00:00,false
1089,92,2023-05-01 00:21:38.000000 +00:00,false
1090,92,2023-05-01 00:21:39.000000 +00:00,false
1091,92,2023-05-01 00:21:40.000000 +00:00,false
1092,92,2023-05-01 00:21:41.000000 +00:00,false
1093,92,2023-05-01 00:21:42.000000 +00:00,false
1094,92,2023-05-01 00:21:43.000000 +00:00,false
1095,92,2023-05-01 00:21:44.000000 +00:00,false
1096,92,2023-05-01 00:21:45.000000 +00:00,false
1097,92,2023-05-01 00:21:46.000000 +00:00,false
1098,92,2023-05-01 00:21:47.000000 +00:00,false
1099,92,2023-05-01 00:21:48.000000 +00:00,false
1100,92,2023-05-01 00:21:49.000000 +00:00,false
1101,93,2023-05-01 00:22:00.000000 +00:00,true
1102,93,2023-05-01 00:22:01.000000 +00:00,true
1103,93,2023-05-01 00:22:02.000000 +00:00,true
1104,93,2023-05-01 00:22:03.000000 +00:00,true
1105,93,2023-05-01 00:22:04.000000 +00:00,true
1106,93,2023-05-01 00:22:05.000000 +00:00,true
1107,93,2023-05-01 00:22:06.000000 +00:00,true
1108,93,2023-05-01 00:22:07.000000 +00:00,true
1109,93,2023-05-01 00:22:08.000000 +00:00,true
1110,93,2023-05-01 00:22:09.000000 +00:00,true
1111,93,2023-05-01 00:22:10.000000 +00:00,true
1112,93,2023-05-01 00:22:11.000000 +00:00,true
1113,93,2023-05-01 00:22:12.000000 +00:00,true
1114,93,2023-05-01 00:22:13.000000 +00:00,true
1115,93,2023-05-01 00:22:14.000000 +00:00,true
1116,93,2023-05-01 00:22:15.000000 +00:00,true
1117,93,2023-05-01 00:22:16.000000 +00:00,true
1118,93,2023-05-01 00:22:17.000000 +00:00,true
1119,93,2023-05-01 00:22:18.000000 +00:00,true
1120,93,2023-05-01 00:22:19.000000 +00:00,true
1121,93,2023-05-01 00:22:20.000000 +00:00,true
1122,93,2023-05-01 00:22:21.000000 +00:00,true
1123,93,2023-05-01 00:22:22.000000 +00:00,true
1124,93,2023-05-01 00:22:23.000000 +00:00,true
1125,93,2023-05-01 00:22:24.000000 +00:00,true
1126,93,2023-05-01 00:22:25.000000 +00:00,true
1127,93,2023-05-01 00:22:26.000000 +00:00,false
1128,93,2023-05-01 00:22:27.000000 +00:00,false
1129,93,2023-05-01 00:22:28.000000 +00:00,false
1130,93,2023-05-01 00:22:29.000000 +00:00,false
1131,93,2023-05-01 00:22:30.000000 +00:00,false
1132,93,2023-05-01 00:22:31.000000 +00:00,false
1133,93,2023-05-01 00:22:32.000000 +00:00,false
1134,93,2023-05-01 00:22:33.000000 +00:00,false
1135,93,2023-05-01 00:22:34.000000 +00:00,false
1136,93,2023-05-01 00:22:35.000000 +00:00,false
1137,93,2023-05-01 00:22:36.000000 +00:00,false
1138,93,2023-05-01 00:22:37.000000 +00:00,false
1139,93,2023-05-01 00:22:38.000000 +00:00,false
1140,93,2023-05-01 00:22:39.000000 +00:00,false
1141,93,2023-05-01 00:22:40.000000 +00:00,false
1142,93,2023-05-01 00:22:41.000000 +00:00,false
1143,93,2023-05-01 00:22:42.000000 +00:00,false
1144,93,2023-05-01 00:22:43.000000 +00:00,false
1145,93,2023-05-01 00:22:44.000000 +00:00,false
1146,93,2023-05-01 00:22:45.000000 +00:00,false
1147,93,2023-05-01 00:22:46.000000 +00:00,false
1148,93,2023-05-01 00:22:47.000000 +00:00,false
1149,93,2023-05-01 00:22:48.000000 +00:00,false
1150,93,2023-05-01 00:22:49.000000 +00:00,false
1151,94,2023-05-01 00:23:00.000000 +00:00,true
1152,94,2023-05-01 00:23:01.000000 +00:00,true
1153,94,2023-05-01 00:23:02.000000 +00:00,true
1154,94,2023-05-01 00:23:03.000000 +00:00,true
1155,94,2023-05-01 00:23:04.000000 +00:00,true
1156,94,2023-05-01 00:23:05.000000 +00:00,true
1157,94,2023-05-01 00:23:06.000000 +00:00,true
1158,94,2023-05-01 00:23:07.000000 +00:00,true
1159,94,2023-05-01 00:23:08.000000 +00:00,true
1160,94,2023-05-01 00:23:09.000000 +00:00,true
1161,94,2023-05-01 00:23:10.000000 +00:00,true
1162,94,2023-05-01 00:23:11.000000 +00:00,true
1163,94,2023-05-01 00:23:12.000000 +00:00,true
1164,94,2023-05-01 00:23:13.000000 +00:00,true
1165,94,2023-05-01 00:23:14.000000 +00:00,true
1166,94,2023-05-01 00:23:15.000000 +00:00,true
1167,94,2023-05-01 00:23:16.000000 +00:00,true
1168,94,2023-05-01 00:23:17.000000 +00:00,true
1169,94,2023-05-01 00:23:18.000000 +00:00,true
1170,94,2023-05-01 00:23:19.000000 +00:00,true
1171,94,2023-05-01 00:23:20.000000 +00:00,true
1172,94,2023-05-01 00:23:21.000000 +00:00,true
1173,94,2023-05-01 00:23:22.000000 +00:00,true
1174,94,2023-05-01 00:23:23.000000 +00:00,true
1175,94,2023-05-01 00:23:24.000000 +00:00,true
1176,94,2023-05-01 00:23:25.000000 +00:00,true
1177,94,2023-05-01 00:23:26.000000 +00:00,true
1178,94,2023-05-01 00:23:27.000000 +00:00,true
1179,94,2023-05-01 00:23:28.000000 +00:00,true
1180,94,2023-05-01 00:23:29.000000 +00:00,true
1181,94,2023-05-01 00:23:30.000000 +00:00,true
1182,94,2023-05-01 00:23:31.000000 +00:00,true
1183,94,2023-05-01 00:23:32.000000 +00:00,true
1184,94,2023-05-01 00:23:33.000000 +00:00,true
1185,94,2023-05-01 00:23:34.000000 +00:00,true
1186,94,2023-05-01 00:23:35.000000 +00:00,false
1187,94,2023-05-01 00:23:36.000000 +00:00,false
1188,94,2023-05-01 00:23:37.000000 +00:00,false
1189,94,2023-05-01 00:23:38.000000 +00:00,false
1190,94,2023-05-01 00:23:39.000000 +00:00,false
1191,94,2023-05-01 00:23:40.000000 +00:00,false
1192,94,2023-05-01 00:23:41.000000 +00:00,false
1193,94,2023-05-01 00:23:42.000000 +00:00,false
1194,94,2023-05-01 00:23:43.000000 +00:00,false
1195,94,2023-05-01 00:23:44.000000 +00:00,false
1196,94,2023-05-01 00:23:45.000000 +00:00,false
1197,94,2023-05-01 00:23:46.000000 +00:00,false
1198,94,2023-05-01 00:23:47.000000 +00:00,false
1199,94,2023-05-01 00:23:48.000000 +00:00,false
1200,94,2023-05-01 00:23:49.000000 +00:00,false
1201,95,2023-05-01 00:24:00.000000 +00:00,true
1202,95,2023-05-01 00:24:01.000000 +00:00,true
1203,95,2023-05-01 00:24:02.000000 +00:00,true
1204,95,2023-05-01 00:24:03.000000 +00:00,true
1205,95,2023-05-01 00:24:04.000000 +00:00,true
1206,95,2023-05-01 00:24:05.000000 +00:00,true
1207,95,2023-05-01 00:24:06.000000 +00:00,true
1208,95,2023-05-01 00:24:07.000000 +00:00,true
1209,95,2023-05-01 00:24:08.000000 +00:00,true
1210,95,2023-05-01 00:24:09.000000 +00:00,true
1211,95,2023-05-01 00:24:10.000000 +00:00,true
1212,95,2023-05-01 00:24:11.000000 +00:00,true
1213,95,2023-05-01 00:24:12.000000 +00:00,true
1214,95,2023-05-01 00:24:13.000000 +00:00,true
1215,95,2023-05-01 00:24:14.000000 +00:00,true
1216,95,2023-05-01 00:24:15.000000 +00:00,true
1217,95,2023-05-01 00:24:16.000000 +00:00,true
1218,95,2023-05-01 00:24:17.000000 +00:00,true
1219,95,2023-05-01 00:24:18.000000 +00:00,true
1220,95,2023-05-01 00:24:19.000000 +00:00,true
1221,95,2023-05-01 00:24:20.000000 +00:00,true
1222,95,2023-05-01 00:24:21.000000 +00:00,true
1223,95,2023-05-01 00:24:22.000000 +00:00,true
1224,95,2023-05-01 00:24:23.000000 +00:00,true
1225,95,2023-05-01 00:24:24.000000 +00:00,true
1226,95,2023-05-01 00:24:25.000000 +00:00,true
1227,95,2023-05-01 00:24:26.000000 +00:00,true
1228,95,2023-05-01 00:24:27.000000 +00:00,true
1229,95,2023-05-01 00:24:28.000000 +00:00,true
1230,95,2023-05-01 00:24:29.000000 +00:00,true
1231,95,2023-05-01 00:24:30.000000 +00:00,true
1232,95,2023-05-01 00:24:31.000000 +00:00,true
1233,95,2023-05-01 00:24:32.000000 +00:00,true
1234,95,2023-05-01 00:24:33.000000 +00:00,true
1235,95,2023-05-01 00:24:34.000000 +00:00,true
1236,95,2023-05-01 00:24:35.000000 +00:00,true
1237,95,2023-05-01 00:24:36.000000 +00:00,true
1238,95,2023-05-01 00:24:37.000000 +00:00,true
1239,95,2023-05-01 00:24:38.000000 +00:00,true
1240,95,2023-05-01 00:24:39.000000 +00:00,true
1241,95,2023-05-01 00:24:40.000000 +00:00,true
1242,95,2023-05-01 00:24:41.000000 +00:00,false
1243,95,2023-05-01 00:24:42.000000 +00:00,false
1244,95,2023-05-01 00:24:43.000000 +00:00,false
1245,95,2023-05-01 00:24:44.000000 +00:00,false
1246,95,2023-05-01 00:24:45.000000 +00:00,false
1247,95,2023-05-01 00:24:46.000000 +00:00,false
1248,95,2023-05-01 00:24:47.000000 +00:00,false
1249,95,2023-05-01 00:24:48.000000 +00:00,false
1250,95,2023-05-01 00:24:49.000000 +00:00,false
1251,96,2023-05-01 00:25:00.000000 +00:00,true
1252,96,2023-05-01 00:25:01.000000 +00:00,true
1253,96,2023-05-01 00:25:02.000000 +00:00,true
1254,96,2023-05-01 00:25:03.000000 +00:00,true
1255,96,2023-05-01 00:25:04.000000 +00:00,true
1256,96,2023-05-01 00:25:05.000000 +00:00,true
1257,96,2023-05-01 00:25:06.000000 +00:00,true
1258,96,2023-05-01 00:25:07.000000 +00:00,true
1259,96,2023-05-01 00:25:08.000000 +00:00,true
1260,96,2023-05-01 00:25:09.000000 +00:00,true
1261,96,2023-05-01 00:25:10.000000 +00:00,true
1262,96,2023-05-01 00:25:11.000000 +00:00,true
1263,96,2023-05-01 00:25:12.000000 +00:00,true
1264,96,2023-05-01 00:25:13.000000 +00:00,true
1265,96,2023-05-01 00:25:14.000000 +00:00,true
1266,96,2023-05-01 00:25:15.000000 +00:00,true
1267,96,2023-05-01 00:25:16.000000 +00:00,true
1268,96,2023-05-01 00:25:17.000000 +00:00,true
1269,96,2023-05-01 00:25:18.000000 +00:00,true
1270,96,2023-05-01 00:25:19.000000 +00:00,true
1271,96,2023-05-01 00:25:20.000000 +00:00,true
1272,96,2023-05-01 00:25:21.000000 +00:00,true
1273,96,2023-05-01 00:25:22.000000 +00:00,true
1274,96,2023-05-01 00:25:23.000000 +00:00,true
1275,96,2023-05-01 00:25:24.000000 +00:00,true
1276,96,2023-05-01 00:25:25.000000 +00:00,true
1277,96,2023-05-01 00:25:26.000000 +00:00,true
1278,96,2023-05-01 00:25:27.000000 +00:00,true
1279,96,2023-05-01 00:25:28.000000 +00:00,true
1280,96,2023-05-01 00:25:29.000000 +00:00,true
1281,96,2023-05-01 00:25:30.000000 +00:00,true
1282,96,2023-05-01 00:25:31.000000 +00:00,true
1283,96,2023-05-01 00:25:32.000000 +00:00,true
1284,96,2023-05-01 00:25:33.000000 +00:00,true
1285,96,2023-05-01 00:25:34.000000 +00:00,true
1286,96,2023-05-01 00:25:35.000000 +00:00,true
1287,96,2023-05-01 00:25:36.000000 +00:00,true
1288,96,2023-05-01 00:25:37.000000 +00:00,true
1289,96,2023-05-01 00:25:38.000000 +00:00,false
1290,96,2023-05-01 00:25:39.000000 +00:00,false
1291,96,2023-05-01 00:25:40.000000 +00:00,false
1292,96,2023-05-01 00:25:41.000000 +00:00,false
1293,96,2023-05-01 00:25:42.000000 +00:00,false
1294,96,2023-05-01 00:25:43.000000 +00:00,false
1295,96,2023-05-01 00:25:44.000000 +00:00,false
1296,96,2023-05-01 00:25:45.000000 +00:00,false
1297,96,2023-05-01 00:25:46.000000 +00:00,false
1298,96,2023-05-01 00:25:47.000000 +00:00,false
1299,96,2023-05-01 00:25:48.000000 +00:00,false
1300,96,2023-05-01 00:25:49.000000 +00:00,false
1301,97,2023-05-01 00:26:00.000000 +00:00,true
1302,97,2023-05-01 00:26:01.000000 +00:00,true
1303,97,2023-05-01 00:26:02.000000 +00:00,true
1304,97,2023-05-01 00:26:03.000000 +00:00,true
1305,97,2023-05-01 00:26:04.000000 +00:00,true
1306,97,2023-05-01 00:26:05.000000 +00:00,true
1307,97,2023-05-01 00:26:06.000000 +00:00,true
1308,97,2023-05-01 00:26:07.000000 +00:00,true
1309,97,2023-05-01 00:26:08.000000 +00:00,true
1310,97,2023-05-01 00:26:09.000000 +00:00,true
1311,97,2023-05-01 00:26:10.000000 +00:00,true
1312,97,2023-05-01 00:26:11.000000 +00:00,true
1313,97,2023-05-01 00:26:12.000000 +00:00,true
1314,97,2023-05-01 00:26:13.000000 +00:00,true
1315,97,2023-05-01 00:26:14.000000 +00:00,true
1316,97,2023-05-01 00:26:15.000000 +00:00,true
1317,97,2023-05-01 00:26:16.000000 +00:00,true
1318,97,2023-05-01 00:26:17.000000 +00:00,true
1319,97,2023-05-01 00:26:18.000000 +00:00,true
1320,97,2023-05-01 00:26:19.000000 +00:00,true
1321,97,2023-05-01 00:26:20.000000 +00:00,true
1322,97,2023-05-01 00:26:21.000000 +00:00,true
1323,97,2023-05-01 00:26:22.000000 +00:00,true
1324,97,2023-05-01 00:26:23.000000 +00:00,true
1325,97,2023-05-01 00:26:24.000000 +00:00,true
1326,97,2023-05-01 00:26:25.000000 +00:00,true
1327,97,2023-05-01 00:26:26.000000 +00:00,true
1328,97,2023-05-01 00:26:27.000000 +00:00,true
1329,97,2023-05-01 00:26:28.000000 +00:00,true
1330,97,2023-05-01 00:26:29.000000 +00:00,true
1331,97,2023-05-01 00:26:30.000000 +00:00,true
1332,97,2023-05-01 00:26:31.000000 +00:00,true
1333,97,2023-05-01 00:26:32.000000 +00:00,true
1334,97,2023-05-01 00:26:33.000000 +00:00,true
1335,97,2023-05-01 00:26:34.000000 +00:00,true
1336,97,2023-05-01 00:26:35.000000 +00:00,true
1337,97,2023-05-01 00:26:36.000000 +00:00,true
1338,97,2023-05-01 00:26:37.000000 +00:00,true
1339,97,2023-05-01 00:26:38.000000 +00:00,true
1340,97,2023-05-01 00:26:39.000000 +00:00,true
1341,97,2023-05-01 00:26:40.000000 +00:00,true
1342,97,2023-05-01 00:26:41.000000 +00:00,true
1343,97,2023-05-01 00:26:42.000000 +00:00,true
1344,97,2023-05-01 00:26:43.000000 +00:00,false
1345,97,2023-05-01 00:26:44.000000 +00:00,false
1346,97,2023-05-01 00:26:45.000000 +00:00,false
1347,97,2023-05-01 00:26:46.000000 +00:00,false
1348,97,2023-05-01 00:26:47.000000 +00:00,false
1349,97,2023-05-01 00:26:48.000000 +00:00,false
1350,97,2023-05-01 00:26:49.000000 +00:00,false
1351,98,2023-05-01 00:27:00.000000 +00:00,true
1352,98,2023-05-01 00:27:01.000000 +00:00,true
1353,98,2023-05-01 00:27:02.000000 +00:00,true
1354,98,2023-05-01 00:27:03.000000 +00:00,true
1355,98,2023-05-01 00:27:04.000000 +00:00,true
1356,98,2023-05-01 00:27:05.000000 +00:00,true
1357,98,2023-05-01 00:27:06.000000 +00:00,true
1358,98,2023-05-01 00:27:07.000000 +00:00,true
1359,98,2023-05-01 00:27:08.000000 +00:00,true
1360,98,2023-05-01 00:27:09.000000 +00:00,true
1361,98,2023-05-01 00:27:10.000000 +00:00,true
1362,98,2023-05-01 00:27:11.000000 +00:00,true
1363,98,2023-05-01 00:27:12.000000 +00:00,true
1364,98,2023-05-01 00:27:13.000000 +00:00,true
1365,98,2023-05-01 00:27:14.000000 +00:00,true
1366,98,2023-05-01 00:27:15.000000 +00:00,true
1367,98,2023-05-01 00:27:16.000000 +00:00,true
1368,98,2023-05-01 00:27:17.000000 +00:00,true
1369,98,2023-05-01 00:27:18.000000 +00:00,true
1370,98,2023-05-01 00:27:19.000000 +00:00,true
1371,98,2023-05-01 00:27:20.000000 +00:00,true
1372,98,2023-05-01 00:27:21.000000 +00:00,true
1373,98,2023-05-01 00:27:22.000000 +00:00,true
1374,98,2023-05-01 00:27:23.000000 +00:00,true
1375,98,2023-05-01 00:27:24.000000 +00:00,true
1376,98,2023-05-01 00:27:25.000000 +00:00,true
1377,98,2023-05-01 00:27:26.000000 +00:00,true
1378,98,2023-05-01 00:27:27.000000 +00:00,true
1379,98,2023-05-01 00:27:28.000000 +00:00,true
1380,98,2023-05-01 00:27:29.000000 +00:00,true
1381,98,2023-05-01 00:27:30.000000 +00:00,true
1382,98,2023-05-01 00:27:31.000000 +00:00,true
1383,98,2023-05-01 00:27:32.000000 +00:00,true
1384,98,2023-05-01 00:27:33.000000 +00:00,true
1385,98,2023-05-01 00:27:34.000000 +00:00,true
1386,98,2023-05-01 00:27:35.000000 +00:00,true
1387,98,2023-05-01 00:27:36.000000 +00:00,true
1388,98,2023-05-01 00:27:37.000000 +00:00,false
1389,98,2023-05-01 00:27:38.000000 +00:00,false
1390,98,2023-05-01 00:27:39.000000 +00:00,false
1391,98,2023-05-01 00:27:40.000000 +00:00,false
1392,98,2023-05-01 00:27:41.000000 +00:00,false
1393,98,2023-05-01 00:27:42.000000 +00:00,false
1394,98,2023-05-01 00:27:43.000000 +00:00,false
1395,98,2023-05-01 00:27:44.000000 +00:00,false
1396,98,2023-05-01 00:27:45.000000 +00:00,false
1397,98,2023-05-01 00:27:46.000000 +00:00,false
1398,98,2023-05-01 00:27:47.000000 +00:00,false
1399,98,2023-05-01 00:27:48.000000 +00:00,false
1400,98,2023-05-01 00:27:49.000000 +00:00,false
1401,99,2023-05-01 00:28:00.000000 +00:00,true
1402,99,2023-05-01 00:28:01.000000 +00:00,true
1403,99,2023-05-01 00:28:02.000000 +00:00,true
1404,99,2023-05-01 00:28:03.000000 +00:00,true
1405,99,2023-05-01 00:28:04.000000 +00:00,true
1406,99,2023-05-01 00:28:05.000000 +00:00,true
1407,99,2023-05-01 00:28:06.000000 +00:00,true
1408,99,2023-05-01 00:28:07.000000 +00:00,true
1409,99,2023-05-01 00:28:08.000000 +00:00,true
1410,99,2023-05-01 00:28:09.000000 +00:00,true
1411,99,2023-05-01 00:28:10.000000 +00:00,true
1412,99,2023-05-01 00:28:11.000000 +00:00,true
1413,99,2023-05-01 00:28:12.000000 +00:00,true
1414,99,2023-05-01 00:28:13.000000 +00:00,true
1415,99,2023-05-01 00:28:14.000000 +00:00,true
1416,99,2023-05-01 00:28:15.000000 +00:00,true
1417,99,2023-05-01 00:28:16.000000 +00:00,true
1418,99,2023-05-01 00:28:17.000000 +00:00,true
1419,99,2023-05-01 00:28:18.000000 +00:00,true
1420,99,2023-05-01 00:28:19.000000 +00:00,true
1421,99,2023-05-01 00:28:20.000000 +00:00,true
1422,99,2023-05-01 00:28:21.000000 +00:00,true
1423,99,2023-05-01 00:28:22.000000 +00:00,true
1424,99,2023-05-01 00:28:23.000000 +00:00,true
1425,99,2023-05-01 00:28:24.000000 +00:00,true
1426,99,2023-05-01 00:28:25.000000 +00:00,true
1427,99,2023-05-01 00:28:26.000000 +00:00,true
1428,99,2023-05-01 00:28:27.000000 +00:00,true
1429,99,2023-05-01 00:28:28.000000 +00:00,true
1430,99,2023-05-01 00:28:29.000000 +00:00,true
1431,99,2023-05-01 00:28:30.000000 +00:00,true
1432,99,2023-05-01 00:28:31.000000 +00:00,true
1433,99,2023-05-01 00:28:32.000000 +00:00,true
1434,99,2023-05-01 00:28:33.000000 +00:00,true
1435,99,2023-05-01 00:28:34.000000 +00:00,true
1436,99,2023-05-01 00:28:35.000000 +00:00,true
1437,99,2023-05-01 00:28:36.000000 +00:00,true
1438,99,2023-05-01 00:28:37.000000 +00:00,true
1439,99,2023-05-01 00:28:38.000000 +00:00,true
1440,99,2023-05-01 00:28:39.000000 +00:00,true
1441,99,2023-05-01 00:28:40.000000 +00:00,true
1442,99,2023-05-01 00:28:41.000000 +00:00,false
1443,99,2023-05-01 00:28:42.000000 +00:00,false
1444,99,2023-05-01 00:28:43.000000 +00:00,false
1445,99,2023-05-01 00:28:44.000000 +00:00,false
1446,99,2023-05-01 00:28:45.000000 +00:00,false
1447,99,2023-05-01 00:28:46.000000 +00:00,false
1448,99,2023-05-01 00:28:47.000000 +00:00,false
1449,99,2023-05-01 00:28:48.000000 +00:00,false
1450,99,2023-05-01 00:28:49.000000 +00:00,false
1451,100,2023-05-01 00:29:00.000000 +00:00,true
1452,100,2023-05-01 00:29:01.000000 +00:00,true
1453,100,2023-05-01 00:29:02.000000 +00:00,true
1454,100,2023-05-01 00:29:03.000000 +00:00,true
1455,100,2023-05-01 00:29:04.000000 +00:00,true
1456,100,2023-05-01 00:29:05.000000 +00:00,true
1457,100,2023-05-01 00:29:06.000000 +00:00,true
1458,100,2023-05-01 00:29:07.000000 +00:00,true
1459,100,2023-05-01 00:29:08.000000 +00:00,true
1460,100,2023-05-01 00:29:09.000000 +00:00,true
1461,100,2023-05-01 00:29:10.000000 +00:00,true
1462,100,2023-05-01 00:29:11.000000 +00:00,true
1463,100,2023-05-01 00:29:12.000000 +00:00,true
1464,100,2023-05-01 00:29:13.000000 +00:00,true
1465,100,2023-05-01 00:29:14.000000 +00:00,true
1466,100,2023-05-01 00:29:15.000000 +00:00,true
1467,100,2023-05-01 00:29:16.000000 +00:00,true
1468,100,2023-05-01 00:29:17.000000 +00:00,true
1469,100,2023-05-01 00:29:18.000000 +00:00,true
1470,100,2023-05-01 00:29:19.000000 +00:00,true
1471,100,2023-05-01 00:29:20.000000 +00:00,true
1472,100,2023-05-01 00:29:21.000000 +00:00,true
1473,100,2023-05-01 00:29:22.000000 +00:00,true
1474,100,2023-05-01 00:29:23.000000 +00:00,true
1475,100,2023-05-01 00:29:24.000000 +00:00,true
1476,100,2023-05-01 00:29:25.000000 +00:00,true
1477,100,2023-05-01 00:29:26.000000 +00:00,true
1478,100,2023-05-01 00:29:27.000000 +00:00,true
1479,100,2023-05-01 00:29:28.000000 +00:00,true
1480,100,2023-05-01 00:29:29.000000 +00:00,true
1481,100,2023-05-01 00:29:30.000000 +00:00,true
1482,100,2023-05-01 00:29:31.000000 +00:00,true
1483,100,2023-05-01 00:29:32.000000 +00:00,true
1484,100,2023-05-01 00:29:33.000000 +00:00,true
1485,100,2023-05-01 00:29:34.000000 +00:00,true
1486,100,2023-05-01 00:29:35.000000 +00:00,true
1487,100,2023-05-01 00:29:36.000000 +00:00,true
1488,100,2023-05-01 00:29:37.000000 +00:00,true
1489,100,2023-05-01 00:29:38.000000 +00:00,true
1490,100,2023-05-01 00:29:39.000000 +00:00,true
1491,100,2023-05-01 00:29:40.000000 +00:00,true
1492,100,2023-05-01 00:29:41.000000 +00:00,true
1493,100,2023-05-01 00:29:42.000000 +00:00,true
1494,100,2023-05-01 00:29:43.000000 +00:00,true
1495,100,2023-05-01 00:29:44.000000 +00:00,false
1496,100,2023-05-01 00:29:45.000000 +00:00,false
1497,100,2023-05-01 00:29:46.000000 +00:00,false
1498,100,2023-05-01 00:29:47.000000 +00:00,false
1499,100,2023-05-01 00:29:48.000000 +00:00,false
1500,100,2023-05-01 00:29:49.000000 +00:00,false
